instruction (create random 5 template instructions ),input,output
rewrite the following python code to java,"class Solution:
  def twoSum(self, nums: list[int], target: int) -> list[int]:
    numToIndex = {}

    for i, num in enumerate(nums):
      if target - num in numToIndex:
        return numToIndex[target - num], i
      numToIndex[num] = i","class Solution {
  public int[] twoSum(int[] nums, int target) {
    Map<Integer, Integer> numToIndex = new HashMap<>();

    for (int i = 0; i < nums.length; ++i) {
      if (numToIndex.containsKey(target - nums[i]))
        return new int[] {numToIndex.get(target - nums[i]), i};
      numToIndex.put(nums[i], i);
    }

    throw new IllegalArgumentException();
  }
}"